"threshold","precision","recall","f1","accuracy","roc_auc","pr_auc","tp","fp","tn","fn"
0.33,0.620481927710843,0.824,0.707903780068729,0.724919093851133,0.788826086956522,0.640929795437529,103,63,121,22
