"threshold","precision","recall","f1","accuracy","roc_auc","pr_auc","tp","fp","tn","fn","outer_test_fold","n_features"
0.5,0.647058823529412,0.758620689655172,0.698412698412698,0.677966101694915,0.752873563218391,0.678256312468562,22,12,18,7,1,7
0.5,0.8,0.705882352941177,0.75,0.741935483870968,0.824579831932773,0.790777014343334,24,6,22,10,2,4
0.5,0.666666666666667,0.380952380952381,0.484848484848485,0.725806451612903,0.78513356562137,0.628633631136911,8,4,37,13,3,8
0.5,0.631578947368421,0.545454545454545,0.585365853658537,0.776315789473684,0.802188552188552,0.623680976564866,12,7,47,10,4,6
0.5,0.571428571428571,0.631578947368421,0.6,0.68,0.68081494057725,0.451810039481148,12,9,22,7,5,8
